,Unnamed: 0_level_0,Experiment,Model,mean_absolute_error,mean_absolute_error,mean_absolute_error,loss,loss,loss,Experiment,Experiment,Experiment,Training Settings,Training Settings,Training Settings,Training Settings,Training Settings,Training Settings,Training Settings,Training Settings,Training Settings,Training Settings,Timing,Model,Model,Model,Model
,Unnamed: 0_level_1,Name,Name,Training,Validation,Test,Training,Validation,Test,Data Origin,Used Data Columns,Data Instances (train/valid/test),Batch Size,Epochs,Learning Rate,Optimizer,Shuffled Batches,Early Stopping,Window Width,Label Width,Shift,Predicted Labels,Latency (ms/observation),Summary,Size (MB),Trainable Params,Non-Trainable Params
0,0,SingleOutput-NoIds,Persistence,1.0667024850845337,0.8629388213157654,0.8459041714668274,1.9897615909576416,1.133762240409851,1.1107027530670166,./../Data/merged_cleaned_FE_imputed(v)_w.csv,"['temperature_2m_max', 'temperature_2m_min', 'temperature_2m_mean', 'apparent_temperature_max', 'apparent_temperature_min', 'apparent_temperature_mean', 'precipitation_sum', 'windgusts_10m_max', 'windspeed_10m_max', 'shortwave_radiation_sum', 'precipitation_hours', 'evapotranspiration_res', 'IsSnowfall', 'weather_clouds developing', 'weather_clouds dissolving', 'weather_no clouds developing', 'weather_precipitation', 'weather_unchanged sky state', 'isWeekend', 'isWeekStart', 'isWeekEnd', 'isMonthStart', 'isMonthEnd', 'isHoliday', '4260705920294', 'total_quantity_day', 'DayoftheMonth_cos', 'DayoftheMonth_sin', 'WeekoftheMonth_cos', 'WeekoftheMonth_sin', 'DayoftheWeek_cos', 'DayoftheWeek_sin']",187/51/25,32,100,0.001,Adam,True,False,3,1,1,4260705920294,1.009513307984783,"Model: ""baseline""
_________________________________________________________________
 Layer (type)                Output Shape              Param #   
=================================================================
=================================================================
Total params: 0
Trainable params: 0
Non-trainable params: 0
_________________________________________________________________",0.0,0.0,0.0
1,1,SingleOutput-NoIds,Linear,0.5517712235450745,0.8750651478767395,3.153505563735962,0.4765459299087524,1.2558023929595947,10.94124984741211,./../Data/merged_cleaned_FE_imputed(v)_w.csv,"['temperature_2m_max', 'temperature_2m_min', 'temperature_2m_mean', 'apparent_temperature_max', 'apparent_temperature_min', 'apparent_temperature_mean', 'precipitation_sum', 'windgusts_10m_max', 'windspeed_10m_max', 'shortwave_radiation_sum', 'precipitation_hours', 'evapotranspiration_res', 'IsSnowfall', 'weather_clouds developing', 'weather_clouds dissolving', 'weather_no clouds developing', 'weather_precipitation', 'weather_unchanged sky state', 'isWeekend', 'isWeekStart', 'isWeekEnd', 'isMonthStart', 'isMonthEnd', 'isHoliday', '4260705920294', 'total_quantity_day', 'DayoftheMonth_cos', 'DayoftheMonth_sin', 'WeekoftheMonth_cos', 'WeekoftheMonth_sin', 'DayoftheWeek_cos', 'DayoftheWeek_sin']",187/51/25,32,100,0.001,Adam,True,False,3,1,1,4260705920294,0.8710836501901176,"Model: ""sequential""
_________________________________________________________________
 Layer (type)                Output Shape              Param #   
=================================================================
 flatten (Flatten)           (None, 96)                0         
                                                                 
 dense (Dense)               (None, 1)                 97        
                                                                 
 reshape (Reshape)           (None, 1, 1)              0         
                                                                 
=================================================================
Total params: 97
Trainable params: 97
Non-trainable params: 0
_________________________________________________________________",0.013427734375,97.0,0.0
2,2,SingleOutput-NoIds,Dense,0.8378596305847168,0.652290403842926,0.6750869154930115,0.975638747215271,0.6502220034599304,0.632876455783844,./../Data/merged_cleaned_FE_imputed(v)_w.csv,"['temperature_2m_max', 'temperature_2m_min', 'temperature_2m_mean', 'apparent_temperature_max', 'apparent_temperature_min', 'apparent_temperature_mean', 'precipitation_sum', 'windgusts_10m_max', 'windspeed_10m_max', 'shortwave_radiation_sum', 'precipitation_hours', 'evapotranspiration_res', 'IsSnowfall', 'weather_clouds developing', 'weather_clouds dissolving', 'weather_no clouds developing', 'weather_precipitation', 'weather_unchanged sky state', 'isWeekend', 'isWeekStart', 'isWeekEnd', 'isMonthStart', 'isMonthEnd', 'isHoliday', '4260705920294', 'total_quantity_day', 'DayoftheMonth_cos', 'DayoftheMonth_sin', 'WeekoftheMonth_cos', 'WeekoftheMonth_sin', 'DayoftheWeek_cos', 'DayoftheWeek_sin']",187/51/25,32,100,0.001,Adam,True,False,3,1,1,4260705920294,0.8610380228136857,"Model: ""sequential_1""
_________________________________________________________________
 Layer (type)                Output Shape              Param #   
=================================================================
 flatten_1 (Flatten)         (None, 96)                0         
                                                                 
 dense_1 (Dense)             (None, 64)                6208      
                                                                 
 dropout (Dropout)           (None, 64)                0         
                                                                 
 dense_2 (Dense)             (None, 64)                4160      
                                                                 
 dropout_1 (Dropout)         (None, 64)                0         
                                                                 
 dense_3 (Dense)             (None, 1)                 65        
                                                                 
 reshape_1 (Reshape)         (None, 1, 1)              0         
                                                                 
=================================================================
Total params: 10,433
Trainable params: 10,433
Non-trainable params: 0
_________________________________________________________________",0.05950927734375,10433.0,0.0
3,3,SingleOutput-NoIds,Multi Step Dense,0.8161770701408386,0.6688705086708069,0.6651559472084045,0.9759914875030518,0.698371946811676,0.6110680103302002,./../Data/merged_cleaned_FE_imputed(v)_w.csv,"['temperature_2m_max', 'temperature_2m_min', 'temperature_2m_mean', 'apparent_temperature_max', 'apparent_temperature_min', 'apparent_temperature_mean', 'precipitation_sum', 'windgusts_10m_max', 'windspeed_10m_max', 'shortwave_radiation_sum', 'precipitation_hours', 'evapotranspiration_res', 'IsSnowfall', 'weather_clouds developing', 'weather_clouds dissolving', 'weather_no clouds developing', 'weather_precipitation', 'weather_unchanged sky state', 'isWeekend', 'isWeekStart', 'isWeekEnd', 'isMonthStart', 'isMonthEnd', 'isHoliday', '4260705920294', 'total_quantity_day', 'DayoftheMonth_cos', 'DayoftheMonth_sin', 'WeekoftheMonth_cos', 'WeekoftheMonth_sin', 'DayoftheWeek_cos', 'DayoftheWeek_sin']",187/51/25,32,100,0.001,Adam,True,False,3,1,1,4260705920294,0.8275361216730228,"Model: ""sequential_2""
_________________________________________________________________
 Layer (type)                Output Shape              Param #   
=================================================================
 flatten_2 (Flatten)         (None, 96)                0         
                                                                 
 dense_4 (Dense)             (None, 32)                3104      
                                                                 
 dropout_2 (Dropout)         (None, 32)                0         
                                                                 
 dense_5 (Dense)             (None, 32)                1056      
                                                                 
 dropout_3 (Dropout)         (None, 32)                0         
                                                                 
 dense_6 (Dense)             (None, 1)                 33        
                                                                 
 reshape_2 (Reshape)         (None, 1, 1)              0         
                                                                 
=================================================================
Total params: 4,193
Trainable params: 4,193
Non-trainable params: 0
_________________________________________________________________",0.0359954833984375,4193.0,0.0
4,4,SingleOutput-NoIds,Convolutional,0.6393188834190369,0.6282739043235779,0.7400243282318115,0.6155356168746948,0.6356624364852905,0.6965296268463135,./../Data/merged_cleaned_FE_imputed(v)_w.csv,"['temperature_2m_max', 'temperature_2m_min', 'temperature_2m_mean', 'apparent_temperature_max', 'apparent_temperature_min', 'apparent_temperature_mean', 'precipitation_sum', 'windgusts_10m_max', 'windspeed_10m_max', 'shortwave_radiation_sum', 'precipitation_hours', 'evapotranspiration_res', 'IsSnowfall', 'weather_clouds developing', 'weather_clouds dissolving', 'weather_no clouds developing', 'weather_precipitation', 'weather_unchanged sky state', 'isWeekend', 'isWeekStart', 'isWeekEnd', 'isMonthStart', 'isMonthEnd', 'isHoliday', '4260705920294', 'total_quantity_day', 'DayoftheMonth_cos', 'DayoftheMonth_sin', 'WeekoftheMonth_cos', 'WeekoftheMonth_sin', 'DayoftheWeek_cos', 'DayoftheWeek_sin']",187/51/25,32,100,0.001,Adam,True,False,3,1,1,4260705920294,0.8521863117870212,"Model: ""sequential_3""
_________________________________________________________________
 Layer (type)                Output Shape              Param #   
=================================================================
 conv1d (Conv1D)             (None, 2, 16)             1040      
                                                                 
 flatten_3 (Flatten)         (None, 32)                0         
                                                                 
 dense_7 (Dense)             (None, 32)                1056      
                                                                 
 dropout_4 (Dropout)         (None, 32)                0         
                                                                 
 dense_8 (Dense)             (None, 1)                 33        
                                                                 
 reshape_3 (Reshape)         (None, 1, 1)              0         
                                                                 
=================================================================
Total params: 2,129
Trainable params: 2,129
Non-trainable params: 0
_________________________________________________________________",0.0274505615234375,2129.0,0.0
5,5,SingleOutput-NoIds,RNN,0.716458261013031,0.6329548358917236,0.8382006883621216,0.7421672344207764,0.6513571739196777,1.1502232551574707,./../Data/merged_cleaned_FE_imputed(v)_w.csv,"['temperature_2m_max', 'temperature_2m_min', 'temperature_2m_mean', 'apparent_temperature_max', 'apparent_temperature_min', 'apparent_temperature_mean', 'precipitation_sum', 'windgusts_10m_max', 'windspeed_10m_max', 'shortwave_radiation_sum', 'precipitation_hours', 'evapotranspiration_res', 'IsSnowfall', 'weather_clouds developing', 'weather_clouds dissolving', 'weather_no clouds developing', 'weather_precipitation', 'weather_unchanged sky state', 'isWeekend', 'isWeekStart', 'isWeekEnd', 'isMonthStart', 'isMonthEnd', 'isHoliday', '4260705920294', 'total_quantity_day', 'DayoftheMonth_cos', 'DayoftheMonth_sin', 'WeekoftheMonth_cos', 'WeekoftheMonth_sin', 'DayoftheWeek_cos', 'DayoftheWeek_sin']",187/51/25,32,100,0.001,Adam,True,False,3,1,1,4260705920294,0.93115589353613,"Model: ""sequential_4""
_________________________________________________________________
 Layer (type)                Output Shape              Param #   
=================================================================
 lstm (LSTM)                 (None, 3, 16)             3136      
                                                                 
 flatten_4 (Flatten)         (None, 48)                0         
                                                                 
 dropout_5 (Dropout)         (None, 48)                0         
                                                                 
 dense_9 (Dense)             (None, 1)                 49        
                                                                 
 reshape_4 (Reshape)         (None, 1, 1)              0         
                                                                 
=================================================================
Total params: 3,185
Trainable params: 3,185
Non-trainable params: 0
_________________________________________________________________",0.0300064086914062,3185.0,0.0
6,0,Autoregressive,FeedBack,0.3767246901988983,0.9622808694839478,1.0449234247207642,0.4101195335388183,2.4495856761932373,3.5337564945220947,./../Data/merged_cleaned_FE_imputed(v)_w.csv,"['temperature_2m_max', 'temperature_2m_min', 'temperature_2m_mean', 'apparent_temperature_max', 'apparent_temperature_min', 'apparent_temperature_mean', 'precipitation_sum', 'windgusts_10m_max', 'windspeed_10m_max', 'shortwave_radiation_sum', 'precipitation_hours', 'evapotranspiration_res', 'IsSnowfall', 'weather_clouds developing', 'weather_clouds dissolving', 'weather_no clouds developing', 'weather_precipitation', 'weather_unchanged sky state', 'isWeekend', 'isWeekStart', 'isWeekEnd', 'isMonthStart', 'isMonthEnd', 'isHoliday', '4260705920003', '4260705920010', '4260705920027', '4260705920034', '4260705920041', '4260705920058', '4260705920065', '4260705920072', '4260705920089', '4260705920096', '4260705920102', '4260705920119', '4260705920126', '4260705920133', '4260705920140', '4260705920157', '4260705920164', '4260705920171', '4260705920188', '4260705920195', '4260705920201', '4260705920218', '4260705920225', '4260705920232', '4260705920249', '4260705920256', '4260705920263', '4260705920270', '4260705920287', '4260705920294', '4260705920300', '4260705920317', '4260705920324', '4260705920331', '4260705920355', '4260705920362', '4260705920393', '4260705920409', '4260705920416', '4260705920423', '4260705920430', '4260705920461', '4260705920478', '4260705920492', '4260705920508', '4260705920515', '4260705920522', '4260705920539', '4260705920546', '4260705920553', '4260705920560', '4260705920577', '4260705920584', '4260705920591', '4260705920607', '4260705920638', 'total_quantity_day', 'DayoftheMonth_cos', 'DayoftheMonth_sin', 'WeekoftheMonth_cos', 'WeekoftheMonth_sin', 'DayoftheWeek_cos', 'DayoftheWeek_sin']",176/40/14,32,100,0.001,Adam,True,False,10,5,5,All,0.8639260869564989,"Model: ""feed_back""
_________________________________________________________________
 Layer (type)                Output Shape              Param #   
=================================================================
 lstm_cell_4 (LSTMCell)      multiple                  15360     
                                                                 
 rnn (RNN)                   multiple                  15360     
                                                                 
 dense_20 (Dense)            multiple                  2871      
                                                                 
=================================================================
Total params: 18,231
Trainable params: 18,231
Non-trainable params: 0
_________________________________________________________________",0.0,18231.0,0.0
7,0,MultiOutput-NoWeather,Baseline,0.4660862386226654,0.6499638557434082,0.7469748854637146,1.3807041645050049,3.792375087738037,4.616562843322754,./../Data/merged_cleaned_FE_imputed(v)_w.csv,"['isWeekend', 'isWeekStart', 'isWeekEnd', 'isMonthStart', 'isMonthEnd', 'isHoliday', '4260705920003', '4260705920010', '4260705920027', '4260705920034', '4260705920041', '4260705920058', '4260705920065', '4260705920072', '4260705920089', '4260705920096', '4260705920102', '4260705920119', '4260705920126', '4260705920133', '4260705920140', '4260705920157', '4260705920164', '4260705920171', '4260705920188', '4260705920195', '4260705920201', '4260705920218', '4260705920225', '4260705920232', '4260705920249', '4260705920256', '4260705920263', '4260705920270', '4260705920287', '4260705920294', '4260705920300', '4260705920317', '4260705920324', '4260705920331', '4260705920355', '4260705920362', '4260705920393', '4260705920409', '4260705920416', '4260705920423', '4260705920430', '4260705920461', '4260705920478', '4260705920492', '4260705920508', '4260705920515', '4260705920522', '4260705920539', '4260705920546', '4260705920553', '4260705920560', '4260705920577', '4260705920584', '4260705920591', '4260705920607', '4260705920638', 'total_quantity_day', 'DayoftheMonth_cos', 'DayoftheMonth_sin', 'WeekoftheMonth_cos', 'WeekoftheMonth_sin', 'DayoftheWeek_cos', 'DayoftheWeek_sin']",187/51/25,32,100,0.001,Adam,True,False,3,1,1,All,0.7068288973383475,"Model: ""baseline_4""
_________________________________________________________________
 Layer (type)                Output Shape              Param #   
=================================================================
=================================================================
Total params: 0
Trainable params: 0
Non-trainable params: 0
_________________________________________________________________",0.0,0.0,0.0
8,1,MultiOutput-NoWeather,Dense,0.5280269384384155,0.8062074184417725,0.9414770603179932,0.8546549677848816,3.1682350635528564,5.036704063415527,./../Data/merged_cleaned_FE_imputed(v)_w.csv,"['isWeekend', 'isWeekStart', 'isWeekEnd', 'isMonthStart', 'isMonthEnd', 'isHoliday', '4260705920003', '4260705920010', '4260705920027', '4260705920034', '4260705920041', '4260705920058', '4260705920065', '4260705920072', '4260705920089', '4260705920096', '4260705920102', '4260705920119', '4260705920126', '4260705920133', '4260705920140', '4260705920157', '4260705920164', '4260705920171', '4260705920188', '4260705920195', '4260705920201', '4260705920218', '4260705920225', '4260705920232', '4260705920249', '4260705920256', '4260705920263', '4260705920270', '4260705920287', '4260705920294', '4260705920300', '4260705920317', '4260705920324', '4260705920331', '4260705920355', '4260705920362', '4260705920393', '4260705920409', '4260705920416', '4260705920423', '4260705920430', '4260705920461', '4260705920478', '4260705920492', '4260705920508', '4260705920515', '4260705920522', '4260705920539', '4260705920546', '4260705920553', '4260705920560', '4260705920577', '4260705920584', '4260705920591', '4260705920607', '4260705920638', 'total_quantity_day', 'DayoftheMonth_cos', 'DayoftheMonth_sin', 'WeekoftheMonth_cos', 'WeekoftheMonth_sin', 'DayoftheWeek_cos', 'DayoftheWeek_sin']",187/51/25,32,100,0.001,Adam,True,False,3,1,1,All,0.715429657794628,"Model: ""sequential_12""
_________________________________________________________________
 Layer (type)                Output Shape              Param #   
=================================================================
 flatten_9 (Flatten)         (None, 207)               0         
                                                                 
 dense_21 (Dense)            (None, 64)                13312     
                                                                 
 dropout_11 (Dropout)        (None, 64)                0         
                                                                 
 dense_22 (Dense)            (None, 64)                4160      
                                                                 
 dropout_12 (Dropout)        (None, 64)                0         
                                                                 
 dense_23 (Dense)            (None, 69)                4485      
                                                                 
 reshape_12 (Reshape)        (None, 1, 69)             0         
                                                                 
=================================================================
Total params: 21,957
Trainable params: 21,957
Non-trainable params: 0
_________________________________________________________________",0.1033782958984375,21957.0,0.0
9,2,MultiOutput-NoWeather,RNN,0.482942134141922,0.7818290591239929,0.9555937051773072,0.739565372467041,2.7301082611083984,4.449281215667725,./../Data/merged_cleaned_FE_imputed(v)_w.csv,"['isWeekend', 'isWeekStart', 'isWeekEnd', 'isMonthStart', 'isMonthEnd', 'isHoliday', '4260705920003', '4260705920010', '4260705920027', '4260705920034', '4260705920041', '4260705920058', '4260705920065', '4260705920072', '4260705920089', '4260705920096', '4260705920102', '4260705920119', '4260705920126', '4260705920133', '4260705920140', '4260705920157', '4260705920164', '4260705920171', '4260705920188', '4260705920195', '4260705920201', '4260705920218', '4260705920225', '4260705920232', '4260705920249', '4260705920256', '4260705920263', '4260705920270', '4260705920287', '4260705920294', '4260705920300', '4260705920317', '4260705920324', '4260705920331', '4260705920355', '4260705920362', '4260705920393', '4260705920409', '4260705920416', '4260705920423', '4260705920430', '4260705920461', '4260705920478', '4260705920492', '4260705920508', '4260705920515', '4260705920522', '4260705920539', '4260705920546', '4260705920553', '4260705920560', '4260705920577', '4260705920584', '4260705920591', '4260705920607', '4260705920638', 'total_quantity_day', 'DayoftheMonth_cos', 'DayoftheMonth_sin', 'WeekoftheMonth_cos', 'WeekoftheMonth_sin', 'DayoftheWeek_cos', 'DayoftheWeek_sin']",187/51/25,32,100,0.001,Adam,True,False,3,1,1,All,0.7409315589353345,"Model: ""sequential_13""
_________________________________________________________________
 Layer (type)                Output Shape              Param #   
=================================================================
 lstm_4 (LSTM)               (None, 3, 16)             5504      
                                                                 
 flatten_10 (Flatten)        (None, 48)                0         
                                                                 
 dropout_13 (Dropout)        (None, 48)                0         
                                                                 
 dense_24 (Dense)            (None, 69)                3381      
                                                                 
 reshape_13 (Reshape)        (None, 1, 69)             0         
                                                                 
=================================================================
Total params: 8,885
Trainable params: 8,885
Non-trainable params: 0
_________________________________________________________________",0.051910400390625,8885.0,0.0
10,3,MultiOutput-NoWeather,ResidualRNN,0.5179016590118408,0.8116863965988159,0.8462735414505005,1.2938958406448364,4.046050071716309,4.486056327819824,./../Data/merged_cleaned_FE_imputed(v)_w.csv,"['isWeekend', 'isWeekStart', 'isWeekEnd', 'isMonthStart', 'isMonthEnd', 'isHoliday', '4260705920003', '4260705920010', '4260705920027', '4260705920034', '4260705920041', '4260705920058', '4260705920065', '4260705920072', '4260705920089', '4260705920096', '4260705920102', '4260705920119', '4260705920126', '4260705920133', '4260705920140', '4260705920157', '4260705920164', '4260705920171', '4260705920188', '4260705920195', '4260705920201', '4260705920218', '4260705920225', '4260705920232', '4260705920249', '4260705920256', '4260705920263', '4260705920270', '4260705920287', '4260705920294', '4260705920300', '4260705920317', '4260705920324', '4260705920331', '4260705920355', '4260705920362', '4260705920393', '4260705920409', '4260705920416', '4260705920423', '4260705920430', '4260705920461', '4260705920478', '4260705920492', '4260705920508', '4260705920515', '4260705920522', '4260705920539', '4260705920546', '4260705920553', '4260705920560', '4260705920577', '4260705920584', '4260705920591', '4260705920607', '4260705920638', 'total_quantity_day', 'DayoftheMonth_cos', 'DayoftheMonth_sin', 'WeekoftheMonth_cos', 'WeekoftheMonth_sin', 'DayoftheWeek_cos', 'DayoftheWeek_sin']",187/51/25,32,100,0.001,Adam,True,False,3,1,1,All,0.7325437262359269,"Model: ""residual_wrapper_1""
_________________________________________________________________
 Layer (type)                Output Shape              Param #   
=================================================================
 sequential_14 (Sequential)  (None, 1, 69)             8885      
                                                                 
=================================================================
Total params: 8,885
Trainable params: 8,885
Non-trainable params: 0
_________________________________________________________________",0.0,8885.0,0.0
11,0,MultiStep-NoWeather,RepeatBaseline,0.5408514142036438,0.7285242676734924,0.671818196773529,1.502617597579956,3.763878345489502,3.1058266162872314,./../Data/merged_cleaned_FE_imputed(v)_w.csv,"['isWeekend', 'isWeekStart', 'isWeekEnd', 'isMonthStart', 'isMonthEnd', 'isHoliday', '4260705920003', '4260705920010', '4260705920027', '4260705920034', '4260705920041', '4260705920058', '4260705920065', '4260705920072', '4260705920089', '4260705920096', '4260705920102', '4260705920119', '4260705920126', '4260705920133', '4260705920140', '4260705920157', '4260705920164', '4260705920171', '4260705920188', '4260705920195', '4260705920201', '4260705920218', '4260705920225', '4260705920232', '4260705920249', '4260705920256', '4260705920263', '4260705920270', '4260705920287', '4260705920294', '4260705920300', '4260705920317', '4260705920324', '4260705920331', '4260705920355', '4260705920362', '4260705920393', '4260705920409', '4260705920416', '4260705920423', '4260705920430', '4260705920461', '4260705920478', '4260705920492', '4260705920508', '4260705920515', '4260705920522', '4260705920539', '4260705920546', '4260705920553', '4260705920560', '4260705920577', '4260705920584', '4260705920591', '4260705920607', '4260705920638', 'total_quantity_day', 'DayoftheMonth_cos', 'DayoftheMonth_sin', 'WeekoftheMonth_cos', 'WeekoftheMonth_sin', 'DayoftheWeek_cos', 'DayoftheWeek_sin']",176/40/14,32,100,0.001,Adam,True,False,10,5,5,All,0.8133652173912849,"Model: ""baseline_5""
_________________________________________________________________
 Layer (type)                Output Shape              Param #   
=================================================================
=================================================================
Total params: 0
Trainable params: 0
Non-trainable params: 0
_________________________________________________________________",0.0,0.0,0.0
12,1,MultiStep-NoWeather,MultiStepLastBasline,0.5097475647926331,0.7101001143455505,0.6670293211936951,1.425508975982666,3.6353583335876474,3.0924949645996094,./../Data/merged_cleaned_FE_imputed(v)_w.csv,"['isWeekend', 'isWeekStart', 'isWeekEnd', 'isMonthStart', 'isMonthEnd', 'isHoliday', '4260705920003', '4260705920010', '4260705920027', '4260705920034', '4260705920041', '4260705920058', '4260705920065', '4260705920072', '4260705920089', '4260705920096', '4260705920102', '4260705920119', '4260705920126', '4260705920133', '4260705920140', '4260705920157', '4260705920164', '4260705920171', '4260705920188', '4260705920195', '4260705920201', '4260705920218', '4260705920225', '4260705920232', '4260705920249', '4260705920256', '4260705920263', '4260705920270', '4260705920287', '4260705920294', '4260705920300', '4260705920317', '4260705920324', '4260705920331', '4260705920355', '4260705920362', '4260705920393', '4260705920409', '4260705920416', '4260705920423', '4260705920430', '4260705920461', '4260705920478', '4260705920492', '4260705920508', '4260705920515', '4260705920522', '4260705920539', '4260705920546', '4260705920553', '4260705920560', '4260705920577', '4260705920584', '4260705920591', '4260705920607', '4260705920638', 'total_quantity_day', 'DayoftheMonth_cos', 'DayoftheMonth_sin', 'WeekoftheMonth_cos', 'WeekoftheMonth_sin', 'DayoftheWeek_cos', 'DayoftheWeek_sin']",176/40/14,32,100,0.001,Adam,True,False,10,5,5,All,0.8023391304346739,"Model: ""baseline_6""
_________________________________________________________________
 Layer (type)                Output Shape              Param #   
=================================================================
=================================================================
Total params: 0
Trainable params: 0
Non-trainable params: 0
_________________________________________________________________",0.0,0.0,0.0
13,2,MultiStep-NoWeather,Multi Convolution,0.3882719576358795,0.862133264541626,1.0961397886276243,0.4840476214885711,2.4791979789733887,3.7436912059783936,./../Data/merged_cleaned_FE_imputed(v)_w.csv,"['isWeekend', 'isWeekStart', 'isWeekEnd', 'isMonthStart', 'isMonthEnd', 'isHoliday', '4260705920003', '4260705920010', '4260705920027', '4260705920034', '4260705920041', '4260705920058', '4260705920065', '4260705920072', '4260705920089', '4260705920096', '4260705920102', '4260705920119', '4260705920126', '4260705920133', '4260705920140', '4260705920157', '4260705920164', '4260705920171', '4260705920188', '4260705920195', '4260705920201', '4260705920218', '4260705920225', '4260705920232', '4260705920249', '4260705920256', '4260705920263', '4260705920270', '4260705920287', '4260705920294', '4260705920300', '4260705920317', '4260705920324', '4260705920331', '4260705920355', '4260705920362', '4260705920393', '4260705920409', '4260705920416', '4260705920423', '4260705920430', '4260705920461', '4260705920478', '4260705920492', '4260705920508', '4260705920515', '4260705920522', '4260705920539', '4260705920546', '4260705920553', '4260705920560', '4260705920577', '4260705920584', '4260705920591', '4260705920607', '4260705920638', 'total_quantity_day', 'DayoftheMonth_cos', 'DayoftheMonth_sin', 'WeekoftheMonth_cos', 'WeekoftheMonth_sin', 'DayoftheWeek_cos', 'DayoftheWeek_sin']",176/40/14,32,100,0.001,Adam,True,False,10,5,5,All,0.8035434782609331,"Model: ""sequential_15""
_________________________________________________________________
 Layer (type)                Output Shape              Param #   
=================================================================
 lambda_2 (Lambda)           (None, 3, 69)             0         
                                                                 
 conv1d_2 (Conv1D)           (None, 1, 16)             3328      
                                                                 
 dense_26 (Dense)            (None, 1, 345)            5865      
                                                                 
 reshape_15 (Reshape)        (None, 5, 69)             0         
                                                                 
=================================================================
Total params: 9,193
Trainable params: 9,193
Non-trainable params: 0
_________________________________________________________________",0.0499725341796875,9193.0,0.0
14,3,MultiStep-NoWeather,Multi Dense,0.3652456104755401,0.7933661937713623,0.9359490275382996,0.4484496116638183,2.495007038116455,3.814878702163696,./../Data/merged_cleaned_FE_imputed(v)_w.csv,"['isWeekend', 'isWeekStart', 'isWeekEnd', 'isMonthStart', 'isMonthEnd', 'isHoliday', '4260705920003', '4260705920010', '4260705920027', '4260705920034', '4260705920041', '4260705920058', '4260705920065', '4260705920072', '4260705920089', '4260705920096', '4260705920102', '4260705920119', '4260705920126', '4260705920133', '4260705920140', '4260705920157', '4260705920164', '4260705920171', '4260705920188', '4260705920195', '4260705920201', '4260705920218', '4260705920225', '4260705920232', '4260705920249', '4260705920256', '4260705920263', '4260705920270', '4260705920287', '4260705920294', '4260705920300', '4260705920317', '4260705920324', '4260705920331', '4260705920355', '4260705920362', '4260705920393', '4260705920409', '4260705920416', '4260705920423', '4260705920430', '4260705920461', '4260705920478', '4260705920492', '4260705920508', '4260705920515', '4260705920522', '4260705920539', '4260705920546', '4260705920553', '4260705920560', '4260705920577', '4260705920584', '4260705920591', '4260705920607', '4260705920638', 'total_quantity_day', 'DayoftheMonth_cos', 'DayoftheMonth_sin', 'WeekoftheMonth_cos', 'WeekoftheMonth_sin', 'DayoftheWeek_cos', 'DayoftheWeek_sin']",176/40/14,32,100,0.001,Adam,True,False,10,5,5,All,0.7840173913042809,"Model: ""sequential_16""
_________________________________________________________________
 Layer (type)                Output Shape              Param #   
=================================================================
 flatten_12 (Flatten)        (None, 690)               0         
                                                                 
 dense_27 (Dense)            (None, 16)                11056     
                                                                 
 dense_28 (Dense)            (None, 345)               5865      
                                                                 
 reshape_16 (Reshape)        (None, 5, 69)             0         
                                                                 
=================================================================
Total params: 16,921
Trainable params: 16,921
Non-trainable params: 0
_________________________________________________________________",0.0794525146484375,16921.0,0.0
15,4,MultiStep-NoWeather,Mutli Linear,0.3981435894966125,1.0018479824066162,1.2738752365112305,0.4747601449489593,2.8116557598114014,4.314132213592529,./../Data/merged_cleaned_FE_imputed(v)_w.csv,"['isWeekend', 'isWeekStart', 'isWeekEnd', 'isMonthStart', 'isMonthEnd', 'isHoliday', '4260705920003', '4260705920010', '4260705920027', '4260705920034', '4260705920041', '4260705920058', '4260705920065', '4260705920072', '4260705920089', '4260705920096', '4260705920102', '4260705920119', '4260705920126', '4260705920133', '4260705920140', '4260705920157', '4260705920164', '4260705920171', '4260705920188', '4260705920195', '4260705920201', '4260705920218', '4260705920225', '4260705920232', '4260705920249', '4260705920256', '4260705920263', '4260705920270', '4260705920287', '4260705920294', '4260705920300', '4260705920317', '4260705920324', '4260705920331', '4260705920355', '4260705920362', '4260705920393', '4260705920409', '4260705920416', '4260705920423', '4260705920430', '4260705920461', '4260705920478', '4260705920492', '4260705920508', '4260705920515', '4260705920522', '4260705920539', '4260705920546', '4260705920553', '4260705920560', '4260705920577', '4260705920584', '4260705920591', '4260705920607', '4260705920638', 'total_quantity_day', 'DayoftheMonth_cos', 'DayoftheMonth_sin', 'WeekoftheMonth_cos', 'WeekoftheMonth_sin', 'DayoftheWeek_cos', 'DayoftheWeek_sin']",176/40/14,32,100,0.001,Adam,True,False,10,5,5,All,0.8272304347826775,"Model: ""sequential_17""
_________________________________________________________________
 Layer (type)                Output Shape              Param #   
=================================================================
 lambda_3 (Lambda)           (None, 1, 69)             0         
                                                                 
 dense_29 (Dense)            (None, 1, 345)            24150     
                                                                 
 reshape_17 (Reshape)        (None, 5, 69)             0         
                                                                 
=================================================================
Total params: 24,150
Trainable params: 24,150
Non-trainable params: 0
_________________________________________________________________",0.1044044494628906,24150.0,0.0
16,5,MultiStep-NoWeather,Multi LSTM,0.4523854255676269,0.7638024091720581,0.9296635389328004,0.683894157409668,2.3298027515411377,3.664304494857788,./../Data/merged_cleaned_FE_imputed(v)_w.csv,"['isWeekend', 'isWeekStart', 'isWeekEnd', 'isMonthStart', 'isMonthEnd', 'isHoliday', '4260705920003', '4260705920010', '4260705920027', '4260705920034', '4260705920041', '4260705920058', '4260705920065', '4260705920072', '4260705920089', '4260705920096', '4260705920102', '4260705920119', '4260705920126', '4260705920133', '4260705920140', '4260705920157', '4260705920164', '4260705920171', '4260705920188', '4260705920195', '4260705920201', '4260705920218', '4260705920225', '4260705920232', '4260705920249', '4260705920256', '4260705920263', '4260705920270', '4260705920287', '4260705920294', '4260705920300', '4260705920317', '4260705920324', '4260705920331', '4260705920355', '4260705920362', '4260705920393', '4260705920409', '4260705920416', '4260705920423', '4260705920430', '4260705920461', '4260705920478', '4260705920492', '4260705920508', '4260705920515', '4260705920522', '4260705920539', '4260705920546', '4260705920553', '4260705920560', '4260705920577', '4260705920584', '4260705920591', '4260705920607', '4260705920638', 'total_quantity_day', 'DayoftheMonth_cos', 'DayoftheMonth_sin', 'WeekoftheMonth_cos', 'WeekoftheMonth_sin', 'DayoftheWeek_cos', 'DayoftheWeek_sin']",176/40/14,32,100,0.001,Adam,True,False,10,5,5,All,0.846343478260876,"Model: ""sequential_18""
_________________________________________________________________
 Layer (type)                Output Shape              Param #   
=================================================================
 lstm_6 (LSTM)               (None, 32)                13056     
                                                                 
 dropout_15 (Dropout)        (None, 32)                0         
                                                                 
 dense_30 (Dense)            (None, 345)               11385     
                                                                 
 reshape_18 (Reshape)        (None, 5, 69)             0         
                                                                 
=================================================================
Total params: 24,441
Trainable params: 24,441
Non-trainable params: 0
_________________________________________________________________",0.1087722778320312,24441.0,0.0
17,0,SingleOutput,Persistence,1.066702365875244,0.8629388213157654,0.8459042310714722,1.989761471748352,1.133762240409851,1.1107027530670166,./../Data/merged_cleaned_FE_imputed(v)_w.csv,"['temperature_2m_max', 'temperature_2m_min', 'temperature_2m_mean', 'apparent_temperature_max', 'apparent_temperature_min', 'apparent_temperature_mean', 'precipitation_sum', 'windgusts_10m_max', 'windspeed_10m_max', 'shortwave_radiation_sum', 'precipitation_hours', 'evapotranspiration_res', 'IsSnowfall', 'weather_clouds developing', 'weather_clouds dissolving', 'weather_no clouds developing', 'weather_precipitation', 'weather_unchanged sky state', 'isWeekend', 'isWeekStart', 'isWeekEnd', 'isMonthStart', 'isMonthEnd', 'isHoliday', '4260705920003', '4260705920010', '4260705920027', '4260705920034', '4260705920041', '4260705920058', '4260705920065', '4260705920072', '4260705920089', '4260705920096', '4260705920102', '4260705920119', '4260705920126', '4260705920133', '4260705920140', '4260705920157', '4260705920164', '4260705920171', '4260705920188', '4260705920195', '4260705920201', '4260705920218', '4260705920225', '4260705920232', '4260705920249', '4260705920256', '4260705920263', '4260705920270', '4260705920287', '4260705920294', '4260705920300', '4260705920317', '4260705920324', '4260705920331', '4260705920355', '4260705920362', '4260705920393', '4260705920409', '4260705920416', '4260705920423', '4260705920430', '4260705920461', '4260705920478', '4260705920492', '4260705920508', '4260705920515', '4260705920522', '4260705920539', '4260705920546', '4260705920553', '4260705920560', '4260705920577', '4260705920584', '4260705920591', '4260705920607', '4260705920638', 'total_quantity_day', 'DayoftheMonth_cos', 'DayoftheMonth_sin', 'WeekoftheMonth_cos', 'WeekoftheMonth_sin', 'DayoftheWeek_cos', 'DayoftheWeek_sin']",187/51/25,32,100,0.001,Adam,True,False,3,1,1,4260705920294,0.7657680608365021,"Model: ""baseline""
_________________________________________________________________
 Layer (type)                Output Shape              Param #   
=================================================================
=================================================================
Total params: 0
Trainable params: 0
Non-trainable params: 0
_________________________________________________________________",0.0,0.0,0.0
18,1,SingleOutput,Linear,0.3742647171020508,1.5226608514785769,1.8704009056091309,0.2478451579809188,4.128427505493164,6.300992012023926,./../Data/merged_cleaned_FE_imputed(v)_w.csv,"['temperature_2m_max', 'temperature_2m_min', 'temperature_2m_mean', 'apparent_temperature_max', 'apparent_temperature_min', 'apparent_temperature_mean', 'precipitation_sum', 'windgusts_10m_max', 'windspeed_10m_max', 'shortwave_radiation_sum', 'precipitation_hours', 'evapotranspiration_res', 'IsSnowfall', 'weather_clouds developing', 'weather_clouds dissolving', 'weather_no clouds developing', 'weather_precipitation', 'weather_unchanged sky state', 'isWeekend', 'isWeekStart', 'isWeekEnd', 'isMonthStart', 'isMonthEnd', 'isHoliday', '4260705920003', '4260705920010', '4260705920027', '4260705920034', '4260705920041', '4260705920058', '4260705920065', '4260705920072', '4260705920089', '4260705920096', '4260705920102', '4260705920119', '4260705920126', '4260705920133', '4260705920140', '4260705920157', '4260705920164', '4260705920171', '4260705920188', '4260705920195', '4260705920201', '4260705920218', '4260705920225', '4260705920232', '4260705920249', '4260705920256', '4260705920263', '4260705920270', '4260705920287', '4260705920294', '4260705920300', '4260705920317', '4260705920324', '4260705920331', '4260705920355', '4260705920362', '4260705920393', '4260705920409', '4260705920416', '4260705920423', '4260705920430', '4260705920461', '4260705920478', '4260705920492', '4260705920508', '4260705920515', '4260705920522', '4260705920539', '4260705920546', '4260705920553', '4260705920560', '4260705920577', '4260705920584', '4260705920591', '4260705920607', '4260705920638', 'total_quantity_day', 'DayoftheMonth_cos', 'DayoftheMonth_sin', 'WeekoftheMonth_cos', 'WeekoftheMonth_sin', 'DayoftheWeek_cos', 'DayoftheWeek_sin']",187/51/25,32,100,0.001,Adam,True,False,3,1,1,4260705920294,0.7429847908745283,"Model: ""sequential""
_________________________________________________________________
 Layer (type)                Output Shape              Param #   
=================================================================
 flatten (Flatten)           (None, 261)               0         
                                                                 
 dense (Dense)               (None, 1)                 262       
                                                                 
 reshape (Reshape)           (None, 1, 1)              0         
                                                                 
=================================================================
Total params: 262
Trainable params: 262
Non-trainable params: 0
_________________________________________________________________",0.013427734375,262.0,0.0
19,2,SingleOutput,Dense,0.8207072615623474,0.6486177444458008,0.6890747547149658,0.9478460550308228,0.6544966101646423,0.6444337964057922,./../Data/merged_cleaned_FE_imputed(v)_w.csv,"['temperature_2m_max', 'temperature_2m_min', 'temperature_2m_mean', 'apparent_temperature_max', 'apparent_temperature_min', 'apparent_temperature_mean', 'precipitation_sum', 'windgusts_10m_max', 'windspeed_10m_max', 'shortwave_radiation_sum', 'precipitation_hours', 'evapotranspiration_res', 'IsSnowfall', 'weather_clouds developing', 'weather_clouds dissolving', 'weather_no clouds developing', 'weather_precipitation', 'weather_unchanged sky state', 'isWeekend', 'isWeekStart', 'isWeekEnd', 'isMonthStart', 'isMonthEnd', 'isHoliday', '4260705920003', '4260705920010', '4260705920027', '4260705920034', '4260705920041', '4260705920058', '4260705920065', '4260705920072', '4260705920089', '4260705920096', '4260705920102', '4260705920119', '4260705920126', '4260705920133', '4260705920140', '4260705920157', '4260705920164', '4260705920171', '4260705920188', '4260705920195', '4260705920201', '4260705920218', '4260705920225', '4260705920232', '4260705920249', '4260705920256', '4260705920263', '4260705920270', '4260705920287', '4260705920294', '4260705920300', '4260705920317', '4260705920324', '4260705920331', '4260705920355', '4260705920362', '4260705920393', '4260705920409', '4260705920416', '4260705920423', '4260705920430', '4260705920461', '4260705920478', '4260705920492', '4260705920508', '4260705920515', '4260705920522', '4260705920539', '4260705920546', '4260705920553', '4260705920560', '4260705920577', '4260705920584', '4260705920591', '4260705920607', '4260705920638', 'total_quantity_day', 'DayoftheMonth_cos', 'DayoftheMonth_sin', 'WeekoftheMonth_cos', 'WeekoftheMonth_sin', 'DayoftheWeek_cos', 'DayoftheWeek_sin']",187/51/25,32,100,0.001,Adam,True,False,3,1,1,4260705920294,0.7659581749049494,"Model: ""sequential_1""
_________________________________________________________________
 Layer (type)                Output Shape              Param #   
=================================================================
 flatten_1 (Flatten)         (None, 261)               0         
                                                                 
 dense_1 (Dense)             (None, 64)                16768     
                                                                 
 dropout (Dropout)           (None, 64)                0         
                                                                 
 dense_2 (Dense)             (None, 64)                4160      
                                                                 
 dropout_1 (Dropout)         (None, 64)                0         
                                                                 
 dense_3 (Dense)             (None, 1)                 65        
                                                                 
 reshape_1 (Reshape)         (None, 1, 1)              0         
                                                                 
=================================================================
Total params: 20,993
Trainable params: 20,993
Non-trainable params: 0
_________________________________________________________________",0.09979248046875,20993.0,0.0
20,3,SingleOutput,Multi Step Dense,0.8396996259689331,0.6379167437553406,0.7081308960914612,0.9807756543159484,0.7009447813034058,0.6921982765197754,./../Data/merged_cleaned_FE_imputed(v)_w.csv,"['temperature_2m_max', 'temperature_2m_min', 'temperature_2m_mean', 'apparent_temperature_max', 'apparent_temperature_min', 'apparent_temperature_mean', 'precipitation_sum', 'windgusts_10m_max', 'windspeed_10m_max', 'shortwave_radiation_sum', 'precipitation_hours', 'evapotranspiration_res', 'IsSnowfall', 'weather_clouds developing', 'weather_clouds dissolving', 'weather_no clouds developing', 'weather_precipitation', 'weather_unchanged sky state', 'isWeekend', 'isWeekStart', 'isWeekEnd', 'isMonthStart', 'isMonthEnd', 'isHoliday', '4260705920003', '4260705920010', '4260705920027', '4260705920034', '4260705920041', '4260705920058', '4260705920065', '4260705920072', '4260705920089', '4260705920096', '4260705920102', '4260705920119', '4260705920126', '4260705920133', '4260705920140', '4260705920157', '4260705920164', '4260705920171', '4260705920188', '4260705920195', '4260705920201', '4260705920218', '4260705920225', '4260705920232', '4260705920249', '4260705920256', '4260705920263', '4260705920270', '4260705920287', '4260705920294', '4260705920300', '4260705920317', '4260705920324', '4260705920331', '4260705920355', '4260705920362', '4260705920393', '4260705920409', '4260705920416', '4260705920423', '4260705920430', '4260705920461', '4260705920478', '4260705920492', '4260705920508', '4260705920515', '4260705920522', '4260705920539', '4260705920546', '4260705920553', '4260705920560', '4260705920577', '4260705920584', '4260705920591', '4260705920607', '4260705920638', 'total_quantity_day', 'DayoftheMonth_cos', 'DayoftheMonth_sin', 'WeekoftheMonth_cos', 'WeekoftheMonth_sin', 'DayoftheWeek_cos', 'DayoftheWeek_sin']",187/51/25,32,100,0.001,Adam,True,False,3,1,1,4260705920294,0.75107224334599,"Model: ""sequential_2""
_________________________________________________________________
 Layer (type)                Output Shape              Param #   
=================================================================
 flatten_2 (Flatten)         (None, 261)               0         
                                                                 
 dense_4 (Dense)             (None, 32)                8384      
                                                                 
 dropout_2 (Dropout)         (None, 32)                0         
                                                                 
 dense_5 (Dense)             (None, 32)                1056      
                                                                 
 dropout_3 (Dropout)         (None, 32)                0         
                                                                 
 dense_6 (Dense)             (None, 1)                 33        
                                                                 
 reshape_2 (Reshape)         (None, 1, 1)              0         
                                                                 
=================================================================
Total params: 9,473
Trainable params: 9,473
Non-trainable params: 0
_________________________________________________________________",0.0561370849609375,9473.0,0.0
21,4,SingleOutput,Convolutional,0.5310346484184265,0.7689509391784668,0.8382115364074707,0.413753867149353,0.8868635296821594,1.059322476387024,./../Data/merged_cleaned_FE_imputed(v)_w.csv,"['temperature_2m_max', 'temperature_2m_min', 'temperature_2m_mean', 'apparent_temperature_max', 'apparent_temperature_min', 'apparent_temperature_mean', 'precipitation_sum', 'windgusts_10m_max', 'windspeed_10m_max', 'shortwave_radiation_sum', 'precipitation_hours', 'evapotranspiration_res', 'IsSnowfall', 'weather_clouds developing', 'weather_clouds dissolving', 'weather_no clouds developing', 'weather_precipitation', 'weather_unchanged sky state', 'isWeekend', 'isWeekStart', 'isWeekEnd', 'isMonthStart', 'isMonthEnd', 'isHoliday', '4260705920003', '4260705920010', '4260705920027', '4260705920034', '4260705920041', '4260705920058', '4260705920065', '4260705920072', '4260705920089', '4260705920096', '4260705920102', '4260705920119', '4260705920126', '4260705920133', '4260705920140', '4260705920157', '4260705920164', '4260705920171', '4260705920188', '4260705920195', '4260705920201', '4260705920218', '4260705920225', '4260705920232', '4260705920249', '4260705920256', '4260705920263', '4260705920270', '4260705920287', '4260705920294', '4260705920300', '4260705920317', '4260705920324', '4260705920331', '4260705920355', '4260705920362', '4260705920393', '4260705920409', '4260705920416', '4260705920423', '4260705920430', '4260705920461', '4260705920478', '4260705920492', '4260705920508', '4260705920515', '4260705920522', '4260705920539', '4260705920546', '4260705920553', '4260705920560', '4260705920577', '4260705920584', '4260705920591', '4260705920607', '4260705920638', 'total_quantity_day', 'DayoftheMonth_cos', 'DayoftheMonth_sin', 'WeekoftheMonth_cos', 'WeekoftheMonth_sin', 'DayoftheWeek_cos', 'DayoftheWeek_sin']",187/51/25,32,100,0.001,Adam,True,False,3,1,1,4260705920294,0.7551292775665457,"Model: ""sequential_3""
_________________________________________________________________
 Layer (type)                Output Shape              Param #   
=================================================================
 conv1d (Conv1D)             (None, 2, 16)             2800      
                                                                 
 flatten_3 (Flatten)         (None, 32)                0         
                                                                 
 dense_7 (Dense)             (None, 32)                1056      
                                                                 
 dropout_4 (Dropout)         (None, 32)                0         
                                                                 
 dense_8 (Dense)             (None, 1)                 33        
                                                                 
 reshape_3 (Reshape)         (None, 1, 1)              0         
                                                                 
=================================================================
Total params: 3,889
Trainable params: 3,889
Non-trainable params: 0
_________________________________________________________________",0.0341644287109375,3889.0,0.0
22,5,SingleOutput,RNN,0.6440382599830627,0.6127234697341919,0.8307364583015442,0.5877143144607544,0.626112163066864,0.9716052412986756,./../Data/merged_cleaned_FE_imputed(v)_w.csv,"['temperature_2m_max', 'temperature_2m_min', 'temperature_2m_mean', 'apparent_temperature_max', 'apparent_temperature_min', 'apparent_temperature_mean', 'precipitation_sum', 'windgusts_10m_max', 'windspeed_10m_max', 'shortwave_radiation_sum', 'precipitation_hours', 'evapotranspiration_res', 'IsSnowfall', 'weather_clouds developing', 'weather_clouds dissolving', 'weather_no clouds developing', 'weather_precipitation', 'weather_unchanged sky state', 'isWeekend', 'isWeekStart', 'isWeekEnd', 'isMonthStart', 'isMonthEnd', 'isHoliday', '4260705920003', '4260705920010', '4260705920027', '4260705920034', '4260705920041', '4260705920058', '4260705920065', '4260705920072', '4260705920089', '4260705920096', '4260705920102', '4260705920119', '4260705920126', '4260705920133', '4260705920140', '4260705920157', '4260705920164', '4260705920171', '4260705920188', '4260705920195', '4260705920201', '4260705920218', '4260705920225', '4260705920232', '4260705920249', '4260705920256', '4260705920263', '4260705920270', '4260705920287', '4260705920294', '4260705920300', '4260705920317', '4260705920324', '4260705920331', '4260705920355', '4260705920362', '4260705920393', '4260705920409', '4260705920416', '4260705920423', '4260705920430', '4260705920461', '4260705920478', '4260705920492', '4260705920508', '4260705920515', '4260705920522', '4260705920539', '4260705920546', '4260705920553', '4260705920560', '4260705920577', '4260705920584', '4260705920591', '4260705920607', '4260705920638', 'total_quantity_day', 'DayoftheMonth_cos', 'DayoftheMonth_sin', 'WeekoftheMonth_cos', 'WeekoftheMonth_sin', 'DayoftheWeek_cos', 'DayoftheWeek_sin']",187/51/25,32,100,0.001,Adam,True,False,3,1,1,4260705920294,0.7920114068440939,"Model: ""sequential_4""
_________________________________________________________________
 Layer (type)                Output Shape              Param #   
=================================================================
 lstm (LSTM)                 (None, 3, 16)             6656      
                                                                 
 flatten_4 (Flatten)         (None, 48)                0         
                                                                 
 dropout_5 (Dropout)         (None, 48)                0         
                                                                 
 dense_9 (Dense)             (None, 1)                 49        
                                                                 
 reshape_4 (Reshape)         (None, 1, 1)              0         
                                                                 
=================================================================
Total params: 6,705
Trainable params: 6,705
Non-trainable params: 0
_________________________________________________________________",0.0434341430664062,6705.0,0.0
23,0,SingleOutput-NoWeather,Persistence,1.0667024850845337,0.8629388213157654,0.8459042310714722,1.989761471748352,1.133762240409851,1.1107027530670166,./../Data/merged_cleaned_FE_imputed(v)_w.csv,"['isWeekend', 'isWeekStart', 'isWeekEnd', 'isMonthStart', 'isMonthEnd', 'isHoliday', '4260705920003', '4260705920010', '4260705920027', '4260705920034', '4260705920041', '4260705920058', '4260705920065', '4260705920072', '4260705920089', '4260705920096', '4260705920102', '4260705920119', '4260705920126', '4260705920133', '4260705920140', '4260705920157', '4260705920164', '4260705920171', '4260705920188', '4260705920195', '4260705920201', '4260705920218', '4260705920225', '4260705920232', '4260705920249', '4260705920256', '4260705920263', '4260705920270', '4260705920287', '4260705920294', '4260705920300', '4260705920317', '4260705920324', '4260705920331', '4260705920355', '4260705920362', '4260705920393', '4260705920409', '4260705920416', '4260705920423', '4260705920430', '4260705920461', '4260705920478', '4260705920492', '4260705920508', '4260705920515', '4260705920522', '4260705920539', '4260705920546', '4260705920553', '4260705920560', '4260705920577', '4260705920584', '4260705920591', '4260705920607', '4260705920638', 'total_quantity_day', 'DayoftheMonth_cos', 'DayoftheMonth_sin', 'WeekoftheMonth_cos', 'WeekoftheMonth_sin', 'DayoftheWeek_cos', 'DayoftheWeek_sin']",187/51/25,32,100,0.001,Adam,True,False,3,1,1,4260705920294,0.7639619771864952,"Model: ""baseline_7""
_________________________________________________________________
 Layer (type)                Output Shape              Param #   
=================================================================
=================================================================
Total params: 0
Trainable params: 0
Non-trainable params: 0
_________________________________________________________________",0.0,0.0,0.0
24,1,SingleOutput-NoWeather,Linear,0.4280920624732971,1.4279656410217283,1.8723074197769165,0.3307842910289764,3.236668586730957,6.109792709350586,./../Data/merged_cleaned_FE_imputed(v)_w.csv,"['isWeekend', 'isWeekStart', 'isWeekEnd', 'isMonthStart', 'isMonthEnd', 'isHoliday', '4260705920003', '4260705920010', '4260705920027', '4260705920034', '4260705920041', '4260705920058', '4260705920065', '4260705920072', '4260705920089', '4260705920096', '4260705920102', '4260705920119', '4260705920126', '4260705920133', '4260705920140', '4260705920157', '4260705920164', '4260705920171', '4260705920188', '4260705920195', '4260705920201', '4260705920218', '4260705920225', '4260705920232', '4260705920249', '4260705920256', '4260705920263', '4260705920270', '4260705920287', '4260705920294', '4260705920300', '4260705920317', '4260705920324', '4260705920331', '4260705920355', '4260705920362', '4260705920393', '4260705920409', '4260705920416', '4260705920423', '4260705920430', '4260705920461', '4260705920478', '4260705920492', '4260705920508', '4260705920515', '4260705920522', '4260705920539', '4260705920546', '4260705920553', '4260705920560', '4260705920577', '4260705920584', '4260705920591', '4260705920607', '4260705920638', 'total_quantity_day', 'DayoftheMonth_cos', 'DayoftheMonth_sin', 'WeekoftheMonth_cos', 'WeekoftheMonth_sin', 'DayoftheWeek_cos', 'DayoftheWeek_sin']",187/51/25,32,100,0.001,Adam,True,False,3,1,1,4260705920294,0.7689391634982519,"Model: ""sequential_19""
_________________________________________________________________
 Layer (type)                Output Shape              Param #   
=================================================================
 flatten_13 (Flatten)        (None, 207)               0         
                                                                 
 dense_31 (Dense)            (None, 1)                 208       
                                                                 
 reshape_19 (Reshape)        (None, 1, 1)              0         
                                                                 
=================================================================
Total params: 208
Trainable params: 208
Non-trainable params: 0
_________________________________________________________________",0.0135955810546875,208.0,0.0
25,2,SingleOutput-NoWeather,Dense,0.8058395981788635,0.6705858707427979,0.7806832790374756,0.977637767791748,0.773531436920166,0.9368473291397096,./../Data/merged_cleaned_FE_imputed(v)_w.csv,"['isWeekend', 'isWeekStart', 'isWeekEnd', 'isMonthStart', 'isMonthEnd', 'isHoliday', '4260705920003', '4260705920010', '4260705920027', '4260705920034', '4260705920041', '4260705920058', '4260705920065', '4260705920072', '4260705920089', '4260705920096', '4260705920102', '4260705920119', '4260705920126', '4260705920133', '4260705920140', '4260705920157', '4260705920164', '4260705920171', '4260705920188', '4260705920195', '4260705920201', '4260705920218', '4260705920225', '4260705920232', '4260705920249', '4260705920256', '4260705920263', '4260705920270', '4260705920287', '4260705920294', '4260705920300', '4260705920317', '4260705920324', '4260705920331', '4260705920355', '4260705920362', '4260705920393', '4260705920409', '4260705920416', '4260705920423', '4260705920430', '4260705920461', '4260705920478', '4260705920492', '4260705920508', '4260705920515', '4260705920522', '4260705920539', '4260705920546', '4260705920553', '4260705920560', '4260705920577', '4260705920584', '4260705920591', '4260705920607', '4260705920638', 'total_quantity_day', 'DayoftheMonth_cos', 'DayoftheMonth_sin', 'WeekoftheMonth_cos', 'WeekoftheMonth_sin', 'DayoftheWeek_cos', 'DayoftheWeek_sin']",187/51/25,32,100,0.001,Adam,True,False,3,1,1,4260705920294,0.7904030418250907,"Model: ""sequential_20""
_________________________________________________________________
 Layer (type)                Output Shape              Param #   
=================================================================
 flatten_14 (Flatten)        (None, 207)               0         
                                                                 
 dense_32 (Dense)            (None, 64)                13312     
                                                                 
 dropout_16 (Dropout)        (None, 64)                0         
                                                                 
 dense_33 (Dense)            (None, 64)                4160      
                                                                 
 dropout_17 (Dropout)        (None, 64)                0         
                                                                 
 dense_34 (Dense)            (None, 1)                 65        
                                                                 
 reshape_20 (Reshape)        (None, 1, 1)              0         
                                                                 
=================================================================
Total params: 17,537
Trainable params: 17,537
Non-trainable params: 0
_________________________________________________________________",0.0865325927734375,17537.0,0.0
26,3,SingleOutput-NoWeather,Multi Step Dense,0.7992756366729736,0.6505402326583862,0.7796107530593872,0.9845907688140868,0.784048318862915,0.8187388777732849,./../Data/merged_cleaned_FE_imputed(v)_w.csv,"['isWeekend', 'isWeekStart', 'isWeekEnd', 'isMonthStart', 'isMonthEnd', 'isHoliday', '4260705920003', '4260705920010', '4260705920027', '4260705920034', '4260705920041', '4260705920058', '4260705920065', '4260705920072', '4260705920089', '4260705920096', '4260705920102', '4260705920119', '4260705920126', '4260705920133', '4260705920140', '4260705920157', '4260705920164', '4260705920171', '4260705920188', '4260705920195', '4260705920201', '4260705920218', '4260705920225', '4260705920232', '4260705920249', '4260705920256', '4260705920263', '4260705920270', '4260705920287', '4260705920294', '4260705920300', '4260705920317', '4260705920324', '4260705920331', '4260705920355', '4260705920362', '4260705920393', '4260705920409', '4260705920416', '4260705920423', '4260705920430', '4260705920461', '4260705920478', '4260705920492', '4260705920508', '4260705920515', '4260705920522', '4260705920539', '4260705920546', '4260705920553', '4260705920560', '4260705920577', '4260705920584', '4260705920591', '4260705920607', '4260705920638', 'total_quantity_day', 'DayoftheMonth_cos', 'DayoftheMonth_sin', 'WeekoftheMonth_cos', 'WeekoftheMonth_sin', 'DayoftheWeek_cos', 'DayoftheWeek_sin']",187/51/25,32,100,0.001,Adam,True,False,3,1,1,4260705920294,0.7566349809886879,"Model: ""sequential_21""
_________________________________________________________________
 Layer (type)                Output Shape              Param #   
=================================================================
 flatten_15 (Flatten)        (None, 207)               0         
                                                                 
 dense_35 (Dense)            (None, 32)                6656      
                                                                 
 dropout_18 (Dropout)        (None, 32)                0         
                                                                 
 dense_36 (Dense)            (None, 32)                1056      
                                                                 
 dropout_19 (Dropout)        (None, 32)                0         
                                                                 
 dense_37 (Dense)            (None, 1)                 33        
                                                                 
 reshape_21 (Reshape)        (None, 1, 1)              0         
                                                                 
=================================================================
Total params: 7,745
Trainable params: 7,745
Non-trainable params: 0
_________________________________________________________________",0.0495452880859375,7745.0,0.0
27,4,SingleOutput-NoWeather,Convolutional,0.5266814827919006,0.8487803936004639,0.8764411807060242,0.3996658325195312,1.034327507019043,1.247824788093567,./../Data/merged_cleaned_FE_imputed(v)_w.csv,"['isWeekend', 'isWeekStart', 'isWeekEnd', 'isMonthStart', 'isMonthEnd', 'isHoliday', '4260705920003', '4260705920010', '4260705920027', '4260705920034', '4260705920041', '4260705920058', '4260705920065', '4260705920072', '4260705920089', '4260705920096', '4260705920102', '4260705920119', '4260705920126', '4260705920133', '4260705920140', '4260705920157', '4260705920164', '4260705920171', '4260705920188', '4260705920195', '4260705920201', '4260705920218', '4260705920225', '4260705920232', '4260705920249', '4260705920256', '4260705920263', '4260705920270', '4260705920287', '4260705920294', '4260705920300', '4260705920317', '4260705920324', '4260705920331', '4260705920355', '4260705920362', '4260705920393', '4260705920409', '4260705920416', '4260705920423', '4260705920430', '4260705920461', '4260705920478', '4260705920492', '4260705920508', '4260705920515', '4260705920522', '4260705920539', '4260705920546', '4260705920553', '4260705920560', '4260705920577', '4260705920584', '4260705920591', '4260705920607', '4260705920638', 'total_quantity_day', 'DayoftheMonth_cos', 'DayoftheMonth_sin', 'WeekoftheMonth_cos', 'WeekoftheMonth_sin', 'DayoftheWeek_cos', 'DayoftheWeek_sin']",187/51/25,32,100,0.001,Adam,True,False,3,1,1,4260705920294,0.7791482889732654,"Model: ""sequential_22""
_________________________________________________________________
 Layer (type)                Output Shape              Param #   
=================================================================
 conv1d_3 (Conv1D)           (None, 2, 16)             2224      
                                                                 
 flatten_16 (Flatten)        (None, 32)                0         
                                                                 
 dense_38 (Dense)            (None, 32)                1056      
                                                                 
 dropout_20 (Dropout)        (None, 32)                0         
                                                                 
 dense_39 (Dense)            (None, 1)                 33        
                                                                 
 reshape_22 (Reshape)        (None, 1, 1)              0         
                                                                 
=================================================================
Total params: 3,313
Trainable params: 3,313
Non-trainable params: 0
_________________________________________________________________",0.0319671630859375,3313.0,0.0
28,5,SingleOutput-NoWeather,RNN,0.676845133304596,0.6860225796699524,0.6938283443450928,0.6601325273513794,0.748228907585144,0.7395093441009521,./../Data/merged_cleaned_FE_imputed(v)_w.csv,"['isWeekend', 'isWeekStart', 'isWeekEnd', 'isMonthStart', 'isMonthEnd', 'isHoliday', '4260705920003', '4260705920010', '4260705920027', '4260705920034', '4260705920041', '4260705920058', '4260705920065', '4260705920072', '4260705920089', '4260705920096', '4260705920102', '4260705920119', '4260705920126', '4260705920133', '4260705920140', '4260705920157', '4260705920164', '4260705920171', '4260705920188', '4260705920195', '4260705920201', '4260705920218', '4260705920225', '4260705920232', '4260705920249', '4260705920256', '4260705920263', '4260705920270', '4260705920287', '4260705920294', '4260705920300', '4260705920317', '4260705920324', '4260705920331', '4260705920355', '4260705920362', '4260705920393', '4260705920409', '4260705920416', '4260705920423', '4260705920430', '4260705920461', '4260705920478', '4260705920492', '4260705920508', '4260705920515', '4260705920522', '4260705920539', '4260705920546', '4260705920553', '4260705920560', '4260705920577', '4260705920584', '4260705920591', '4260705920607', '4260705920638', 'total_quantity_day', 'DayoftheMonth_cos', 'DayoftheMonth_sin', 'WeekoftheMonth_cos', 'WeekoftheMonth_sin', 'DayoftheWeek_cos', 'DayoftheWeek_sin']",187/51/25,32,100,0.001,Adam,True,False,3,1,1,4260705920294,0.7869163498098231,"Model: ""sequential_23""
_________________________________________________________________
 Layer (type)                Output Shape              Param #   
=================================================================
 lstm_7 (LSTM)               (None, 3, 16)             5504      
                                                                 
 flatten_17 (Flatten)        (None, 48)                0         
                                                                 
 dropout_21 (Dropout)        (None, 48)                0         
                                                                 
 dense_40 (Dense)            (None, 1)                 49        
                                                                 
 reshape_23 (Reshape)        (None, 1, 1)              0         
                                                                 
=================================================================
Total params: 5,553
Trainable params: 5,553
Non-trainable params: 0
_________________________________________________________________",0.039276123046875,5553.0,0.0
29,0,MultiOutput,Baseline,0.4778409600257873,0.6182838678359985,0.6902061700820923,1.2929130792617798,3.1950650215148926,3.82686185836792,./../Data/merged_cleaned_FE_imputed(v)_w.csv,"['temperature_2m_max', 'temperature_2m_min', 'temperature_2m_mean', 'apparent_temperature_max', 'apparent_temperature_min', 'apparent_temperature_mean', 'precipitation_sum', 'windgusts_10m_max', 'windspeed_10m_max', 'shortwave_radiation_sum', 'precipitation_hours', 'evapotranspiration_res', 'IsSnowfall', 'weather_clouds developing', 'weather_clouds dissolving', 'weather_no clouds developing', 'weather_precipitation', 'weather_unchanged sky state', 'isWeekend', 'isWeekStart', 'isWeekEnd', 'isMonthStart', 'isMonthEnd', 'isHoliday', '4260705920003', '4260705920010', '4260705920027', '4260705920034', '4260705920041', '4260705920058', '4260705920065', '4260705920072', '4260705920089', '4260705920096', '4260705920102', '4260705920119', '4260705920126', '4260705920133', '4260705920140', '4260705920157', '4260705920164', '4260705920171', '4260705920188', '4260705920195', '4260705920201', '4260705920218', '4260705920225', '4260705920232', '4260705920249', '4260705920256', '4260705920263', '4260705920270', '4260705920287', '4260705920294', '4260705920300', '4260705920317', '4260705920324', '4260705920331', '4260705920355', '4260705920362', '4260705920393', '4260705920409', '4260705920416', '4260705920423', '4260705920430', '4260705920461', '4260705920478', '4260705920492', '4260705920508', '4260705920515', '4260705920522', '4260705920539', '4260705920546', '4260705920553', '4260705920560', '4260705920577', '4260705920584', '4260705920591', '4260705920607', '4260705920638', 'total_quantity_day', 'DayoftheMonth_cos', 'DayoftheMonth_sin', 'WeekoftheMonth_cos', 'WeekoftheMonth_sin', 'DayoftheWeek_cos', 'DayoftheWeek_sin']",187/51/25,32,100,0.001,Adam,True,False,3,1,1,All,1.3430836501901178,"Model: ""baseline""
_________________________________________________________________
 Layer (type)                Output Shape              Param #   
=================================================================
=================================================================
Total params: 0
Trainable params: 0
Non-trainable params: 0
_________________________________________________________________",0.0,0.0,0.0
30,1,MultiOutput,Dense,0.5644360780715942,0.9513160586357116,1.0703495740890503,0.8719507455825806,3.3603460788726807,4.814060211181641,./../Data/merged_cleaned_FE_imputed(v)_w.csv,"['temperature_2m_max', 'temperature_2m_min', 'temperature_2m_mean', 'apparent_temperature_max', 'apparent_temperature_min', 'apparent_temperature_mean', 'precipitation_sum', 'windgusts_10m_max', 'windspeed_10m_max', 'shortwave_radiation_sum', 'precipitation_hours', 'evapotranspiration_res', 'IsSnowfall', 'weather_clouds developing', 'weather_clouds dissolving', 'weather_no clouds developing', 'weather_precipitation', 'weather_unchanged sky state', 'isWeekend', 'isWeekStart', 'isWeekEnd', 'isMonthStart', 'isMonthEnd', 'isHoliday', '4260705920003', '4260705920010', '4260705920027', '4260705920034', '4260705920041', '4260705920058', '4260705920065', '4260705920072', '4260705920089', '4260705920096', '4260705920102', '4260705920119', '4260705920126', '4260705920133', '4260705920140', '4260705920157', '4260705920164', '4260705920171', '4260705920188', '4260705920195', '4260705920201', '4260705920218', '4260705920225', '4260705920232', '4260705920249', '4260705920256', '4260705920263', '4260705920270', '4260705920287', '4260705920294', '4260705920300', '4260705920317', '4260705920324', '4260705920331', '4260705920355', '4260705920362', '4260705920393', '4260705920409', '4260705920416', '4260705920423', '4260705920430', '4260705920461', '4260705920478', '4260705920492', '4260705920508', '4260705920515', '4260705920522', '4260705920539', '4260705920546', '4260705920553', '4260705920560', '4260705920577', '4260705920584', '4260705920591', '4260705920607', '4260705920638', 'total_quantity_day', 'DayoftheMonth_cos', 'DayoftheMonth_sin', 'WeekoftheMonth_cos', 'WeekoftheMonth_sin', 'DayoftheWeek_cos', 'DayoftheWeek_sin']",187/51/25,32,100,0.001,Adam,True,False,3,1,1,All,1.6202471482889695,"Model: ""sequential""
_________________________________________________________________
 Layer (type)                Output Shape              Param #   
=================================================================
 flatten (Flatten)           (None, 261)               0         
                                                                 
 dense (Dense)               (None, 64)                16768     
                                                                 
 dropout (Dropout)           (None, 64)                0         
                                                                 
 dense_1 (Dense)             (None, 64)                4160      
                                                                 
 dropout_1 (Dropout)         (None, 64)                0         
                                                                 
 dense_2 (Dense)             (None, 87)                5655      
                                                                 
 reshape (Reshape)           (None, 1, 87)             0         
                                                                 
=================================================================
Total params: 26,583
Trainable params: 26,583
Non-trainable params: 0
_________________________________________________________________",0.12103271484375,26583.0,0.0
31,2,MultiOutput,RNN,0.5032748579978943,0.8613200187683105,1.020646333694458,0.7333040833473206,2.761117696762085,4.219390869140625,./../Data/merged_cleaned_FE_imputed(v)_w.csv,"['temperature_2m_max', 'temperature_2m_min', 'temperature_2m_mean', 'apparent_temperature_max', 'apparent_temperature_min', 'apparent_temperature_mean', 'precipitation_sum', 'windgusts_10m_max', 'windspeed_10m_max', 'shortwave_radiation_sum', 'precipitation_hours', 'evapotranspiration_res', 'IsSnowfall', 'weather_clouds developing', 'weather_clouds dissolving', 'weather_no clouds developing', 'weather_precipitation', 'weather_unchanged sky state', 'isWeekend', 'isWeekStart', 'isWeekEnd', 'isMonthStart', 'isMonthEnd', 'isHoliday', '4260705920003', '4260705920010', '4260705920027', '4260705920034', '4260705920041', '4260705920058', '4260705920065', '4260705920072', '4260705920089', '4260705920096', '4260705920102', '4260705920119', '4260705920126', '4260705920133', '4260705920140', '4260705920157', '4260705920164', '4260705920171', '4260705920188', '4260705920195', '4260705920201', '4260705920218', '4260705920225', '4260705920232', '4260705920249', '4260705920256', '4260705920263', '4260705920270', '4260705920287', '4260705920294', '4260705920300', '4260705920317', '4260705920324', '4260705920331', '4260705920355', '4260705920362', '4260705920393', '4260705920409', '4260705920416', '4260705920423', '4260705920430', '4260705920461', '4260705920478', '4260705920492', '4260705920508', '4260705920515', '4260705920522', '4260705920539', '4260705920546', '4260705920553', '4260705920560', '4260705920577', '4260705920584', '4260705920591', '4260705920607', '4260705920638', 'total_quantity_day', 'DayoftheMonth_cos', 'DayoftheMonth_sin', 'WeekoftheMonth_cos', 'WeekoftheMonth_sin', 'DayoftheWeek_cos', 'DayoftheWeek_sin']",187/51/25,32,100,0.001,Adam,True,False,3,1,1,All,1.7205513307984872,"Model: ""sequential_1""
_________________________________________________________________
 Layer (type)                Output Shape              Param #   
=================================================================
 lstm (LSTM)                 (None, 3, 16)             6656      
                                                                 
 flatten_1 (Flatten)         (None, 48)                0         
                                                                 
 dropout_2 (Dropout)         (None, 48)                0         
                                                                 
 dense_3 (Dense)             (None, 87)                4263      
                                                                 
 reshape_1 (Reshape)         (None, 1, 87)             0         
                                                                 
=================================================================
Total params: 10,919
Trainable params: 10,919
Non-trainable params: 0
_________________________________________________________________",0.0593643188476562,10919.0,0.0
32,3,MultiOutput,ResidualRNN,0.5435284972190857,0.7664974331855774,0.8004493713378906,1.2820066213607788,3.433353900909424,3.785078048706055,./../Data/merged_cleaned_FE_imputed(v)_w.csv,"['temperature_2m_max', 'temperature_2m_min', 'temperature_2m_mean', 'apparent_temperature_max', 'apparent_temperature_min', 'apparent_temperature_mean', 'precipitation_sum', 'windgusts_10m_max', 'windspeed_10m_max', 'shortwave_radiation_sum', 'precipitation_hours', 'evapotranspiration_res', 'IsSnowfall', 'weather_clouds developing', 'weather_clouds dissolving', 'weather_no clouds developing', 'weather_precipitation', 'weather_unchanged sky state', 'isWeekend', 'isWeekStart', 'isWeekEnd', 'isMonthStart', 'isMonthEnd', 'isHoliday', '4260705920003', '4260705920010', '4260705920027', '4260705920034', '4260705920041', '4260705920058', '4260705920065', '4260705920072', '4260705920089', '4260705920096', '4260705920102', '4260705920119', '4260705920126', '4260705920133', '4260705920140', '4260705920157', '4260705920164', '4260705920171', '4260705920188', '4260705920195', '4260705920201', '4260705920218', '4260705920225', '4260705920232', '4260705920249', '4260705920256', '4260705920263', '4260705920270', '4260705920287', '4260705920294', '4260705920300', '4260705920317', '4260705920324', '4260705920331', '4260705920355', '4260705920362', '4260705920393', '4260705920409', '4260705920416', '4260705920423', '4260705920430', '4260705920461', '4260705920478', '4260705920492', '4260705920508', '4260705920515', '4260705920522', '4260705920539', '4260705920546', '4260705920553', '4260705920560', '4260705920577', '4260705920584', '4260705920591', '4260705920607', '4260705920638', 'total_quantity_day', 'DayoftheMonth_cos', 'DayoftheMonth_sin', 'WeekoftheMonth_cos', 'WeekoftheMonth_sin', 'DayoftheWeek_cos', 'DayoftheWeek_sin']",187/51/25,32,100,0.001,Adam,True,False,3,1,1,All,1.6514296577946717,"Model: ""residual_rnn""
_________________________________________________________________
 Layer (type)                Output Shape              Param #   
=================================================================
 sequential_2 (Sequential)   (None, 1, 87)             10919     
                                                                 
=================================================================
Total params: 10,919
Trainable params: 10,919
Non-trainable params: 0
_________________________________________________________________",0.0,10919.0,0.0
33,0,MultiStep,RepeatBaseline,0.5815404653549194,0.7292725443840027,0.6894098520278931,1.4907840490341189,3.276280879974365,2.8191468715667725,./../Data/merged_cleaned_FE_imputed(v)_w.csv,"['temperature_2m_max', 'temperature_2m_min', 'temperature_2m_mean', 'apparent_temperature_max', 'apparent_temperature_min', 'apparent_temperature_mean', 'precipitation_sum', 'windgusts_10m_max', 'windspeed_10m_max', 'shortwave_radiation_sum', 'precipitation_hours', 'evapotranspiration_res', 'IsSnowfall', 'weather_clouds developing', 'weather_clouds dissolving', 'weather_no clouds developing', 'weather_precipitation', 'weather_unchanged sky state', 'isWeekend', 'isWeekStart', 'isWeekEnd', 'isMonthStart', 'isMonthEnd', 'isHoliday', '4260705920003', '4260705920010', '4260705920027', '4260705920034', '4260705920041', '4260705920058', '4260705920065', '4260705920072', '4260705920089', '4260705920096', '4260705920102', '4260705920119', '4260705920126', '4260705920133', '4260705920140', '4260705920157', '4260705920164', '4260705920171', '4260705920188', '4260705920195', '4260705920201', '4260705920218', '4260705920225', '4260705920232', '4260705920249', '4260705920256', '4260705920263', '4260705920270', '4260705920287', '4260705920294', '4260705920300', '4260705920317', '4260705920324', '4260705920331', '4260705920355', '4260705920362', '4260705920393', '4260705920409', '4260705920416', '4260705920423', '4260705920430', '4260705920461', '4260705920478', '4260705920492', '4260705920508', '4260705920515', '4260705920522', '4260705920539', '4260705920546', '4260705920553', '4260705920560', '4260705920577', '4260705920584', '4260705920591', '4260705920607', '4260705920638', 'total_quantity_day', 'DayoftheMonth_cos', 'DayoftheMonth_sin', 'WeekoftheMonth_cos', 'WeekoftheMonth_sin', 'DayoftheWeek_cos', 'DayoftheWeek_sin']",176/40/14,32,100,0.001,Adam,True,False,10,5,5,All,0.7816521739130167,"Model: ""baseline_2""
_________________________________________________________________
 Layer (type)                Output Shape              Param #   
=================================================================
=================================================================
Total params: 0
Trainable params: 0
Non-trainable params: 0
_________________________________________________________________",0.0,0.0,0.0
34,1,MultiStep,MultiStepLastBasline,0.5440413951873779,0.6884715557098389,0.6484160423278809,1.399913668632507,3.113022327423096,2.6882312297821045,./../Data/merged_cleaned_FE_imputed(v)_w.csv,"['temperature_2m_max', 'temperature_2m_min', 'temperature_2m_mean', 'apparent_temperature_max', 'apparent_temperature_min', 'apparent_temperature_mean', 'precipitation_sum', 'windgusts_10m_max', 'windspeed_10m_max', 'shortwave_radiation_sum', 'precipitation_hours', 'evapotranspiration_res', 'IsSnowfall', 'weather_clouds developing', 'weather_clouds dissolving', 'weather_no clouds developing', 'weather_precipitation', 'weather_unchanged sky state', 'isWeekend', 'isWeekStart', 'isWeekEnd', 'isMonthStart', 'isMonthEnd', 'isHoliday', '4260705920003', '4260705920010', '4260705920027', '4260705920034', '4260705920041', '4260705920058', '4260705920065', '4260705920072', '4260705920089', '4260705920096', '4260705920102', '4260705920119', '4260705920126', '4260705920133', '4260705920140', '4260705920157', '4260705920164', '4260705920171', '4260705920188', '4260705920195', '4260705920201', '4260705920218', '4260705920225', '4260705920232', '4260705920249', '4260705920256', '4260705920263', '4260705920270', '4260705920287', '4260705920294', '4260705920300', '4260705920317', '4260705920324', '4260705920331', '4260705920355', '4260705920362', '4260705920393', '4260705920409', '4260705920416', '4260705920423', '4260705920430', '4260705920461', '4260705920478', '4260705920492', '4260705920508', '4260705920515', '4260705920522', '4260705920539', '4260705920546', '4260705920553', '4260705920560', '4260705920577', '4260705920584', '4260705920591', '4260705920607', '4260705920638', 'total_quantity_day', 'DayoftheMonth_cos', 'DayoftheMonth_sin', 'WeekoftheMonth_cos', 'WeekoftheMonth_sin', 'DayoftheWeek_cos', 'DayoftheWeek_sin']",176/40/14,32,100,0.001,Adam,True,False,10,5,5,All,0.7826217391304315,"Model: ""baseline_3""
_________________________________________________________________
 Layer (type)                Output Shape              Param #   
=================================================================
=================================================================
Total params: 0
Trainable params: 0
Non-trainable params: 0
_________________________________________________________________",0.0,0.0,0.0
35,2,MultiStep,Multi Convolution,0.4172454476356506,0.9569242596626282,1.0798205137252808,0.5115825533866882,2.5214123725891118,3.23208999633789,./../Data/merged_cleaned_FE_imputed(v)_w.csv,"['temperature_2m_max', 'temperature_2m_min', 'temperature_2m_mean', 'apparent_temperature_max', 'apparent_temperature_min', 'apparent_temperature_mean', 'precipitation_sum', 'windgusts_10m_max', 'windspeed_10m_max', 'shortwave_radiation_sum', 'precipitation_hours', 'evapotranspiration_res', 'IsSnowfall', 'weather_clouds developing', 'weather_clouds dissolving', 'weather_no clouds developing', 'weather_precipitation', 'weather_unchanged sky state', 'isWeekend', 'isWeekStart', 'isWeekEnd', 'isMonthStart', 'isMonthEnd', 'isHoliday', '4260705920003', '4260705920010', '4260705920027', '4260705920034', '4260705920041', '4260705920058', '4260705920065', '4260705920072', '4260705920089', '4260705920096', '4260705920102', '4260705920119', '4260705920126', '4260705920133', '4260705920140', '4260705920157', '4260705920164', '4260705920171', '4260705920188', '4260705920195', '4260705920201', '4260705920218', '4260705920225', '4260705920232', '4260705920249', '4260705920256', '4260705920263', '4260705920270', '4260705920287', '4260705920294', '4260705920300', '4260705920317', '4260705920324', '4260705920331', '4260705920355', '4260705920362', '4260705920393', '4260705920409', '4260705920416', '4260705920423', '4260705920430', '4260705920461', '4260705920478', '4260705920492', '4260705920508', '4260705920515', '4260705920522', '4260705920539', '4260705920546', '4260705920553', '4260705920560', '4260705920577', '4260705920584', '4260705920591', '4260705920607', '4260705920638', 'total_quantity_day', 'DayoftheMonth_cos', 'DayoftheMonth_sin', 'WeekoftheMonth_cos', 'WeekoftheMonth_sin', 'DayoftheWeek_cos', 'DayoftheWeek_sin']",176/40/14,32,100,0.001,Adam,True,False,10,5,5,All,0.8192000000000779,"Model: ""sequential_8""
_________________________________________________________________
 Layer (type)                Output Shape              Param #   
=================================================================
 lambda (Lambda)             (None, 3, 87)             0         
                                                                 
 conv1d_1 (Conv1D)           (None, 1, 16)             4192      
                                                                 
 dense_15 (Dense)            (None, 1, 435)            7395      
                                                                 
 reshape_8 (Reshape)         (None, 5, 87)             0         
                                                                 
=================================================================
Total params: 11,587
Trainable params: 11,587
Non-trainable params: 0
_________________________________________________________________",0.05859375,11587.0,0.0
36,3,MultiStep,Multi Dense,0.3930838704109192,1.023117184638977,1.1621745824813845,0.468726247549057,2.964946746826172,3.9117610454559326,./../Data/merged_cleaned_FE_imputed(v)_w.csv,"['temperature_2m_max', 'temperature_2m_min', 'temperature_2m_mean', 'apparent_temperature_max', 'apparent_temperature_min', 'apparent_temperature_mean', 'precipitation_sum', 'windgusts_10m_max', 'windspeed_10m_max', 'shortwave_radiation_sum', 'precipitation_hours', 'evapotranspiration_res', 'IsSnowfall', 'weather_clouds developing', 'weather_clouds dissolving', 'weather_no clouds developing', 'weather_precipitation', 'weather_unchanged sky state', 'isWeekend', 'isWeekStart', 'isWeekEnd', 'isMonthStart', 'isMonthEnd', 'isHoliday', '4260705920003', '4260705920010', '4260705920027', '4260705920034', '4260705920041', '4260705920058', '4260705920065', '4260705920072', '4260705920089', '4260705920096', '4260705920102', '4260705920119', '4260705920126', '4260705920133', '4260705920140', '4260705920157', '4260705920164', '4260705920171', '4260705920188', '4260705920195', '4260705920201', '4260705920218', '4260705920225', '4260705920232', '4260705920249', '4260705920256', '4260705920263', '4260705920270', '4260705920287', '4260705920294', '4260705920300', '4260705920317', '4260705920324', '4260705920331', '4260705920355', '4260705920362', '4260705920393', '4260705920409', '4260705920416', '4260705920423', '4260705920430', '4260705920461', '4260705920478', '4260705920492', '4260705920508', '4260705920515', '4260705920522', '4260705920539', '4260705920546', '4260705920553', '4260705920560', '4260705920577', '4260705920584', '4260705920591', '4260705920607', '4260705920638', 'total_quantity_day', 'DayoftheMonth_cos', 'DayoftheMonth_sin', 'WeekoftheMonth_cos', 'WeekoftheMonth_sin', 'DayoftheWeek_cos', 'DayoftheWeek_sin']",176/40/14,32,100,0.001,Adam,True,False,10,5,5,All,0.7948000000000192,"Model: ""sequential_9""
_________________________________________________________________
 Layer (type)                Output Shape              Param #   
=================================================================
 flatten_8 (Flatten)         (None, 870)               0         
                                                                 
 dense_16 (Dense)            (None, 16)                13936     
                                                                 
 dense_17 (Dense)            (None, 435)               7395      
                                                                 
 reshape_9 (Reshape)         (None, 5, 87)             0         
                                                                 
=================================================================
Total params: 21,331
Trainable params: 21,331
Non-trainable params: 0
_________________________________________________________________",0.0959320068359375,21331.0,0.0
37,4,MultiStep,Mutli Linear,0.4018748104572296,1.0726274251937866,1.208910346031189,0.4417084455490112,2.7922110557556152,3.606081485748291,./../Data/merged_cleaned_FE_imputed(v)_w.csv,"['temperature_2m_max', 'temperature_2m_min', 'temperature_2m_mean', 'apparent_temperature_max', 'apparent_temperature_min', 'apparent_temperature_mean', 'precipitation_sum', 'windgusts_10m_max', 'windspeed_10m_max', 'shortwave_radiation_sum', 'precipitation_hours', 'evapotranspiration_res', 'IsSnowfall', 'weather_clouds developing', 'weather_clouds dissolving', 'weather_no clouds developing', 'weather_precipitation', 'weather_unchanged sky state', 'isWeekend', 'isWeekStart', 'isWeekEnd', 'isMonthStart', 'isMonthEnd', 'isHoliday', '4260705920003', '4260705920010', '4260705920027', '4260705920034', '4260705920041', '4260705920058', '4260705920065', '4260705920072', '4260705920089', '4260705920096', '4260705920102', '4260705920119', '4260705920126', '4260705920133', '4260705920140', '4260705920157', '4260705920164', '4260705920171', '4260705920188', '4260705920195', '4260705920201', '4260705920218', '4260705920225', '4260705920232', '4260705920249', '4260705920256', '4260705920263', '4260705920270', '4260705920287', '4260705920294', '4260705920300', '4260705920317', '4260705920324', '4260705920331', '4260705920355', '4260705920362', '4260705920393', '4260705920409', '4260705920416', '4260705920423', '4260705920430', '4260705920461', '4260705920478', '4260705920492', '4260705920508', '4260705920515', '4260705920522', '4260705920539', '4260705920546', '4260705920553', '4260705920560', '4260705920577', '4260705920584', '4260705920591', '4260705920607', '4260705920638', 'total_quantity_day', 'DayoftheMonth_cos', 'DayoftheMonth_sin', 'WeekoftheMonth_cos', 'WeekoftheMonth_sin', 'DayoftheWeek_cos', 'DayoftheWeek_sin']",176/40/14,32,100,0.001,Adam,True,False,10,5,5,All,0.8001521739130191,"Model: ""sequential_10""
_________________________________________________________________
 Layer (type)                Output Shape              Param #   
=================================================================
 lambda_1 (Lambda)           (None, 1, 87)             0         
                                                                 
 dense_18 (Dense)            (None, 1, 435)            38280     
                                                                 
 reshape_10 (Reshape)        (None, 5, 87)             0         
                                                                 
=================================================================
Total params: 38,280
Trainable params: 38,280
Non-trainable params: 0
_________________________________________________________________",0.1579627990722656,38280.0,0.0
38,5,MultiStep,Multi LSTM,0.4795415699481964,0.8446441888809204,1.0007399320602417,0.6891271471977234,2.395254611968994,3.548157930374145,./../Data/merged_cleaned_FE_imputed(v)_w.csv,"['temperature_2m_max', 'temperature_2m_min', 'temperature_2m_mean', 'apparent_temperature_max', 'apparent_temperature_min', 'apparent_temperature_mean', 'precipitation_sum', 'windgusts_10m_max', 'windspeed_10m_max', 'shortwave_radiation_sum', 'precipitation_hours', 'evapotranspiration_res', 'IsSnowfall', 'weather_clouds developing', 'weather_clouds dissolving', 'weather_no clouds developing', 'weather_precipitation', 'weather_unchanged sky state', 'isWeekend', 'isWeekStart', 'isWeekEnd', 'isMonthStart', 'isMonthEnd', 'isHoliday', '4260705920003', '4260705920010', '4260705920027', '4260705920034', '4260705920041', '4260705920058', '4260705920065', '4260705920072', '4260705920089', '4260705920096', '4260705920102', '4260705920119', '4260705920126', '4260705920133', '4260705920140', '4260705920157', '4260705920164', '4260705920171', '4260705920188', '4260705920195', '4260705920201', '4260705920218', '4260705920225', '4260705920232', '4260705920249', '4260705920256', '4260705920263', '4260705920270', '4260705920287', '4260705920294', '4260705920300', '4260705920317', '4260705920324', '4260705920331', '4260705920355', '4260705920362', '4260705920393', '4260705920409', '4260705920416', '4260705920423', '4260705920430', '4260705920461', '4260705920478', '4260705920492', '4260705920508', '4260705920515', '4260705920522', '4260705920539', '4260705920546', '4260705920553', '4260705920560', '4260705920577', '4260705920584', '4260705920591', '4260705920607', '4260705920638', 'total_quantity_day', 'DayoftheMonth_cos', 'DayoftheMonth_sin', 'WeekoftheMonth_cos', 'WeekoftheMonth_sin', 'DayoftheWeek_cos', 'DayoftheWeek_sin']",176/40/14,32,100,0.001,Adam,True,False,10,5,5,All,0.8494652173913377,"Model: ""sequential_11""
_________________________________________________________________
 Layer (type)                Output Shape              Param #   
=================================================================
 lstm_3 (LSTM)               (None, 32)                15360     
                                                                 
 dropout_10 (Dropout)        (None, 32)                0         
                                                                 
 dense_19 (Dense)            (None, 435)               14355     
                                                                 
 reshape_11 (Reshape)        (None, 5, 87)             0         
                                                                 
=================================================================
Total params: 29,715
Trainable params: 29,715
Non-trainable params: 0
_________________________________________________________________",0.1305007934570312,29715.0,0.0
